cmc_err_est;cv_err_est;av_err_est
0.4613114393350622;0.10273568851178984;0.23746641312323136
0.3518233346590863;0.08821807189290974;0.10781287156083431
0.2374359771543271;0.07415072559695671;0.08622924419933382
0.16994692453564617;0.04340374363419191;0.0661230095215168
0.11833583049947062;0.03283688674972899;0.04488291088704504
0.0824925430821791;0.020455421116565585;0.030914950506417453
0.058197138300028414;0.014718297883445957;0.022121358442956086
