cmc_err_est;cv_err_est;av_err_est
0.44939410898731763;0.13957863026607092;0.2437636465531144
0.3382907447081098;0.09706447475778647;0.13138210204424064
0.24774719046501018;0.06276611132054695;0.08517841816302439
0.16991065209460746;0.041135895285047526;0.060264231856974354
0.12136248775519433;0.030243900760785692;0.04294033766065845
0.08165999192138472;0.021529141450051078;0.0316715119558597
0.05840015398697561;0.014907690314050558;0.021743849351353185
