cmc_err_est;cv_err_est;av_err_est
0.5257649239768803;0.15928928411349735;0.15424728581028066
0.3450783335111927;0.08731074373837343;0.1394250344666457
0.24274179096471962;0.05948736571496712;0.08040637730917893
0.1641796215522021;0.038172099527509815;0.06769618287096309
0.11604647818820613;0.030614395728462133;0.04138244876205197
0.08188210106684142;0.02018005743432149;0.031171424033384444
0.05749101607928145;0.014806551006476362;0.02245520084926884
