cmc_err_est;cv_err_est;av_err_est
0.42879338411023915;0.1266773271617534;0.1588706103227715
0.33199638125051284;0.09082313500194991;0.10639017254164401
0.24284386558125737;0.0578421875715309;0.08335022967318916
0.16627011818946388;0.0424360717334903;0.06039348984002503
0.1200089352309813;0.03143397681204826;0.04516964012751457
0.08425981988161343;0.0207346585949067;0.03166754577619491
0.06039130878109556;0.014684476150357072;0.02323582631096255
