cmc_err_est;cv_err_est;av_err_est
0.41653617533775916;0.13876435310307245;0.1409674908989825
0.3290966199557189;0.08292174358466721;0.11058158009069463
0.2370801997594942;0.061413905237152504;0.09506625132436877
0.16388467324581393;0.042676541199301685;0.05452618908161439
0.11775764214601592;0.02894457610384464;0.0445348914134215
0.0818709124990898;0.02089587413610878;0.031571122470309916
0.05822821875389065;0.014724041329840846;0.02290876323247747
