cmc_err_est_pre;qmc_err_est_pre;cv_err_est
0.0;0.0;0.15276846338757893
0.0;0.0;0.08885900213420432
0.0;0.0;0.05434522693096019
