cmc_err_est_pre;qmc_err_est_pre;cv_err_est
0.03641896480776499;0.09938507050377736;0.02918309050379255
0.02507856042361082;0.053365196306415265;0.01793729423096491
0.017173465601084594;0.038552597619396875;0.013713425504227904
0.012301011675757366;0.030746002426675866;0.009288802918456731
0.008702229577884156;0.021122901075672842;0.006561347636152591
0.0061860179403256926;0.012235871524753045;0.004594803172970808
