cmc_err_est_pre;qmc_err_est_pre;cv_err_est
0.0;0.0;0.025017072254978033
0.0;0.0;0.017470977571001772
0.0;0.0;0.013134029070323848
