cmc_err_est_pre;qmc_err_est_pre;cv_err_est
0.4799484194032288;0.867570302661552;0.1593805970569318
0.32091958456240627;0.5857961182213505;0.10511509055534225
0.23284830748692764;0.324058952959053;0.05886518205257836
0.16552861168518138;0.2115084013199502;0.041741231542309534
0.11416949943083943;0.1565276334933763;0.02817333077578902
nan;0.06602096300515654;0.021135407688200387
