cmc_err_est_pre;qmc_err_est_pre;cv_err_est
0.0326300813106567;0.08714262141151914;0.02986410529634198
0.024720648794328375;0.07458385552591124;0.01911789664724786
0.01806135164265207;0.041993244172751666;0.013391241807194925
0.011571835648826056;0.025066146314877587;0.00920462673606684
0.008615030419843963;0.015975778387019107;0.006508470003252831
0.006122657128179688;0.013936597227093471;0.004606763538060152
