cmc_err_est_pre;qmc_err_est_pre;cv_err_est
0.5035901589454875;0.9277021879756807;0.14808600148335646
0.3200748483092803;0.421015520681559;0.08818964999761987
0.23667298232250622;0.3422658405085413;0.06797738392832321
0.1604670604839654;0.20004663397849115;0.041432778806785135
0.1131991952839501;0.12888316686114087;0.02848163945066832
0.08065839203701308;nan;0.02029179365200026
