cmc_err_est_pre;qmc_err_est_pre;cv_err_est
0.028351010259536267;0.08703983331544922;0.03273708907209061
0.021548550711294443;0.04965711210245905;0.021191549028812463
0.01588890259479108;0.034555209054538225;0.013760935105133987
