cmc_err_est_pre;qmc_err_est_pre;cv_err_est
0.0;0.0;0.11096499965364057
0.0;0.0;0.09516576642507044
0.0;0.0;0.056080015645062306
0.0;0.0;0.04286040913372238
