cmc_err_est_pre;qmc_err_est_pre;cv_err_est
0.04862150562544845;0.09327596357534329;0.18251030549757677
0.03348354458552821;0.05331844994839422;0.07512845279140529
0.023318794613225367;0.03067634664034355;0.06015811274066902
0.01729066467494546;0.01730091503451066;0.04391757541039222
0.012217120355929275;0.006722370560349549;0.03095429204067975
0.008494591848567606;0.004146009434903025;0.02130228986993861
