cmc_err_est_pre;qmc_err_est_pre;cv_err_est
0.04826185705886604;0.08600557566929116;0.11693019685124019
0.03590580680673902;0.05472219212151544;0.09871599290580794
0.023796739953492973;0.02789218942091655;0.06271011484589971
0.017581221326665675;0.016616496598492504;0.04625307943958064
0.0122162121181809;0.008132269357715919;0.028929931761137756
0.008560304844665755;0.004555052932877025;0.019769804477033786
