cmc_err_est_pre;qmc_err_est_pre;cv_err_est
0.0;0.0;0.035040771714861634
0.0;0.0;0.021057551851106825
0.0;0.0;0.013027524205747869
