cmc_err_est_pre;qmc_err_est_pre;cv_err_est
0.045389105978892064;0.10270815459625485;0.14016222323318747
0.03330409294426002;0.058823538983329454;0.06860060458740132
0.02521635268380261;0.024162141299294435;0.0671338855844593
0.01744659165135643;0.015135009403606214;0.04401667448367768
0.012510600769999212;0.01110036678775906;0.030414694053243183
0.008742839945681537;0.005401582893675979;0.021445618130253304
