cmc_err_est_pre;qmc_err_est_pre;cv_err_est
0.0029502274552594605;0.005215103542253603;0.03589722310475464
0.0021012667812091088;0.0034828824138140924;0.018985462326014012
0.0015106194407835114;0.0018084604519850885;0.01355244478841706
0.0010715963633408136;0.001211435388305412;0.009211845257779997
0.0007431357653067094;0.0006072196495566535;0.006661073560611486
0.0005114291758652289;0.0002577455023095989;0.004633167073750527
0.0003667337673518482;0.0001295244449192907;0.003302206403635941
