cmc_err_est_pre;qmc_err_est_pre;cv_err_est
0.0502735602256785;0.10891719165576644;0.11489838516894924
