cmc_err_est_pre;qmc_err_est_pre;cv_err_est
0.035967745453464865;0.08141087443045728;0.02473652770320999
0.025594204363829663;0.06603268374733814;0.0193226027583839
0.017925891614363525;0.044558505228335384;0.013006269289769773
0.012634017773533544;0.026367893126389125;0.009417282323741085
0.008962945807181762;0.020750336544878643;0.006549462137354501
0.006174263219859539;0.012624609383455016;0.004679354263922149
