cmc_err_est_pre;qmc_err_est_pre;cv_err_est
0.0;0.0;0.16191747338931284
0.0;0.0;0.08446113710033257
0.0;0.0;0.06333119594939683
