cmc_err_est_pre;qmc_err_est_pre;cv_err_est
0.4754827894180444;0.9324723797440226;0.11759623343679126
0.32418631780403534;0.6745738876075916;0.10487617613271684
0.2243117133273774;0.413636892419686;0.06275610012092797
0.15971597583232144;0.20139160929267141;0.043206328586459036
0.11646354459645583;0.13009071313754184;0.029375398774228047
0.07931946722748934;0.0915740417906537;0.020903323823911316
