cmc_err_est_pre;qmc_err_est_pre;cv_err_est
0.0;0.0;0.02740426104959978
0.0;0.0;0.019502884208335593
0.0;0.0;0.014665155410646528
