cmc_err_est_pre;qmc_err_est_pre;cv_err_est
0.0;0.0;0.02650845102395843
0.0;0.0;0.019284044612081015
0.00026292195362129467;0.0006229879366068794;0.013912100541043564
