cmc_err_est_pre;qmc_err_est_pre;cv_err_est
0.002818260811227484;0.005466379078768985;0.04038295532838932
0.002209687120315246;0.002918529684872301;0.023366019468305018
0.0014192175776883784;0.0016990856625275223;0.013539852919999144
0.0010361969641774756;0.0007407159583808017;0.009232589187110955
0.0007337262317750026;0.0005592101712187685;0.006539287808737714
0.0005167697660965187;0.0002696174005357595;0.0046849120249132375
0.00037240702154562314;0.00014027040324069809;0.0032748360331440757
