cmc_err_est_pre;qmc_err_est_pre;cv_err_est
0.0;0.0;0.15648949443070867
0.0;0.0;0.09487095672357627
0.0;0.0;0.05991667333822888
0.0;0.0;0.041547433094327055
