cmc_err_est_pre;qmc_err_est_pre;cv_err_est
0.4966452585023769;0.9852681290940216;0.14004660328810695
0.3058652681968864;0.6705010190731608;0.07671235109605941
0.23272345085315538;0.27903433141381845;0.059121747082904914
0.15713107195462964;0.22503815900599003;0.044345379210117435
0.11509399650490774;0.10314503137422515;0.030835720622894833
0.08202398465179256;0.07067155879676791;0.0219584468952684
