cmc_err_est_pre;qmc_err_est_pre;cv_err_est
0.0;0.0;0.10872078941836008
0.0;0.0;0.10156050306011247
0.0;0.0;0.05526027637381041
0.0;0.0;0.04324219008804977
