cmc_err_est_pre;qmc_err_est_pre;cv_err_est
0.44645541181226295;1.169645278833204;0.16815104000723313
0.31544749620177837;0.6056456280634142;0.08030435123973755
0.23961807137179614;0.34800592185365375;0.054193967816710216
0.1585445392615518;0.21157101960454672;0.04325755931742445
0.11036007941306682;0.11712315391281004;0.031356923596282504
0.0803582609335089;0.07895704994275916;0.021108823383297184
