cmc_err_est_pre;qmc_err_est_pre;cv_err_est
0.03277763205629229;0.0825754534144977;0.02665280257685954
0.024033932415381987;0.05263428867447116;0.01674737179832812
0.016582331947049354;0.046501429524768115;0.01350155066140991
