cmc_err_est_pre;qmc_err_est_pre;cv_err_est
0.03499802030575095;0.034757001285885464;0.03715168506244233
0.02358315761206866;0.050420024224076716;0.02008963366852092
0.0163362876283992;0.041330074239240046;0.012951037801520664
0.01223369803899907;0.03271728243435797;0.009616416566746236
0.008646027563430907;0.0199807861825998;0.006508520322687396
0.006178187685469121;0.012044016111272668;0.004644969695738913
