cmc_err_est_pre;qmc_err_est_pre;cv_err_est
0.0;0.0;0.10875748806886894
0.0;0.0;0.11517146162651148
0.0;0.0;0.05129934433405701
