cmc_err_est_pre;qmc_err_est_pre;cv_err_est
0.03946653438998664;0.10110847097344143;0.026105944859566268
0.026494484956859042;0.08250595037910645;0.019177659557374074
0.018931484900827047;0.041660139222829844;0.012943688890046295
