cmc_err_est_pre;qmc_err_est_pre;cv_err_est
0.032179097146762925;0.08298244948113871;0.027623517199203255
0.02010102889886377;0.05806002670986773;0.017974454303727055
0.01538925935227029;0.03281019168026322;0.013905374087418959
