cmc_err_est_pre;qmc_err_est_pre;cv_err_est
0.4332845694946389;0.8648185300413193;0.0914015761847397
0.32246042499449024;0.42650574362405524;0.09768412822895502
0.22555090775231093;0.3110072443713304;0.052740301954706754
0.1635559596315898;0.22957955395524568;0.04684355047226685
0.11612382350345155;0.10489477868511922;0.029757590905851557
0.08199757486551387;0.09215494408619322;0.021289840346163283
