cmc_err_est_pre;qmc_err_est_pre;cv_err_est
0.0;0.0;0.02765629225549591
0.0;0.0;0.01824990745488018
0.00022538173270225252;0.0;0.014389842026249714
