cmc_err_est_pre;qmc_err_est_pre;cv_err_est
0.04530585955623376;0.10733873128680893;0.1322816936518854
0.03323778750607099;0.06189622558682008;0.09629915396405732
0.024680429210227242;0.02967712659085096;0.05948887478531441
0.017320735106748735;0.016360326922633808;0.04539044319250576
0.012139942129879162;0.007345662169565228;0.029167288684067764
0.00858004205877946;0.004846673340030734;0.020566855024392164
0.006028790820401231;0.0018190485708408776;0.01428436864025327
