cmc_err_est_pre;qmc_err_est_pre;cv_err_est
0.0;0.0;0.08761889121425363
0.0;0.0;0.0903711643534856
0.0;0.0;0.06447739314048372
