cmc_err_est_pre;qmc_err_est_pre;cv_err_est
0.47416005963178726;1.0314821477574319;0.1444497170393316
0.34996141787289103;0.5140097561921889;0.08754330075718615
0.23236274798749657;0.3598267287317633;0.06483295247634147
0.16577458371181963;0.23041762072846209;0.04322353481519734
0.11597686387742984;0.09153344312815798;0.02905991774100014
0.07993519330235269;0.0659344139807758;0.020911413728309697
