cmc_err_est_pre;qmc_err_est_pre;cv_err_est
0.44675658620425146;0.8745191291431603;0.12958147593164135
0.312137104881636;0.537573147540284;0.07620576891486477
0.21441585902291407;0.41910019399094894;0.055295878604534235
0.15462561187941462;0.22640441622137708;0.04162000848903787
0.11532651552647637;0.14016366646692313;0.030249927036891548
0.08197173118671833;0.1043684416697284;0.02143695221702603
