cmc_err_est_pre;qmc_err_est_pre;cv_err_est
0.43103932140923507;0.9111735805580614;0.1214481956429724
0.31787861682018903;0.5022879530444535;0.0861507777312894
0.23537111085472306;0.41203373584298847;0.05559705217672146
0.16365545019928074;0.19235853247761986;0.0470960460948402
0.11783430555069911;0.11626188689526604;0.028194311635892772
0.08279571739335495;0.07792235364128101;0.02005887380588229
