cmc_err_est_pre;qmc_err_est_pre;cv_err_est
0.0;0.0;0.17092662841771483
0.0;0.0;0.10407248665519546
0.0;0.0;0.055922089427000415
