cmc_err_est_pre;qmc_err_est_pre;cv_err_est
0.0;0.0;0.12263353009636603
0.0;0.0;0.08290499200033347
0.0;0.0;0.061572673183611225
0.0;0.0;0.037991695618290675
