cmc_err_est_pre;qmc_err_est_pre;cv_err_est
0.5496384286024502;0.9506020521847003;0.13293247667727498
0.29375109428081914;0.42629150174460606;0.09640151048412854
0.23134882843422794;0.2633865115831765;0.05626719885941986
0.16401646912932386;0.17467728110903774;0.04040371916148424
0.11691807702461371;0.09931909943664864;0.02972221700154261
0.08221314354928656;nan;0.02112242537467999
