cmc_err_est_pre;qmc_err_est_pre;cv_err_est
0.03463982646235458;0.10242569478068198;0.02656978866176798
0.025614430555297385;0.09357452420448566;0.01984346669187115
0.017439793298850773;0.04080658826725647;0.01340593269678003
