cmc_err_est_pre;qmc_err_est_pre;cv_err_est
0.0;0.0;0.13224630530769532
0.0;0.0;0.0903039638993224
0.0;0.0;0.05625392294122958
0.0;0.0;0.039920986822613844
