cmc_err_est_pre;qmc_err_est_pre;cv_err_est
0.049996283957153644;0.08040331286197491;0.12528927591341504
0.033885353965345436;0.05331152151428834;0.10789617938766076
0.024924525367531872;0.03921670824714796;0.06033850016583334
0.0172644002371992;0.013094689811721932;0.04120345872057894
0.012009157694795443;0.009997439834903067;0.02993163408384713
0.008597701535057605;0.004663929865756581;0.021037934308618417
