cmc_err_est_pre;qmc_err_est_pre;cv_err_est
0.03500247879600155;0.08455684829750755;0.033346427888601315
0.025593866027180345;0.05894093107266708;0.01832845258791642
0.01724574977039218;0.05141471660425731;0.015498088953016513
0.012610466123542656;0.01919550733361018;0.00977995294760171
0.008976757116843741;0.02107948060561895;0.0065070758111806775
0.006187322019204731;0.01399958891282593;0.004726961289427527
