cmc_err_est_pre;qmc_err_est_pre
0.484549717156706;0.9480717867778007
0.29747570411364543;0.6712714507917142
0.23411766730217917;0.28071945994690367
0.15500440847108815;0.25620612181728275
0.11513654855102395;0.160176430740147
0.08094238026133015;0.0852614449118956
