cmc_err_est_pre;qmc_err_est_pre
0.45095108771422937;1.1765259608829015
0.30296595455146336;0.48651557441854043
