cmc_err_est_pre;qmc_err_est_pre
0.48955831945849454;0.9108484757934469
0.31768726682944365;0.49142911408856244
0.22083146541510854;0.42246736831557274
