cmc_err_est_pre;qmc_err_est_pre
0.4768051284800701;0.9429102956361437
0.30830488015302165;0.6485467109264613
0.23454369432279035;0.35974693028875837
0.16064533781289592;0.18803186995117102
0.11634689696532553;0.12215752014977453
0.0810248598645171;0.09832039361854387
