cmc_err_est_pre;qmc_err_est_pre
0.47256429979410347;1.179622679709288
0.3146708768006502;0.4176136580385718
0.2219594527996706;0.3079545603699225
