cmc_err_est_pre;qmc_err_est_pre
0.503083527161422;0.7268773568509372
0.3149245152736463;0.5359517167435193
