cmc_err_est_pre;qmc_err_est_pre
0.46355680170325037;0.8121444162756353
0.3176519137192391;0.6011366432980584
0.22387688834205077;0.3789608813671929
0.15837143868030032;0.22958449377546716
0.1158609728994898;0.13760804802114202
0.07984961091549415;0.09355904292388718
