cmc_err_est_pre;qmc_err_est_pre
0.48630954744080535;0.9401272427339642
0.32875800529846033;0.46214124375654775
0.23735892951889714;0.3941204695355282
0.156699155474463;0.18992175229968317
0.1143505826966083;0.13600381355957755
0.08096120367748363;0.06516304677360414
