cmc_err_est_pre;qmc_err_est_pre
0.46892990235070614;1.2016844208368909
0.29996830323739676;0.473897079883885
0.22717466010516846;0.29156774378459266
0.15921072689227506;0.17376551018046518
0.1129281423934333;0.08217849115909534
0.08150586849623152;0.06535332976788487
