cmc_err_est_pre;qmc_err_est_pre
0.4726413733661423;0.9077502060267286
0.34132539977904125;0.5662057241662718
0.23943315622346872;0.37143893239104
nan;0.1633560210654618
0.11503695176125756;nan
0.08263731012691782;0.09110423997951715
