cmc_err_est_pre;qmc_err_est_pre
0.4811091608117575;0.8455986270920238
0.34264730136280985;0.5254187337041317
