cmc_err_est_pre;qmc_err_est_pre
0.4156735444509552;1.4695691960936121
0.32854776349635473;0.6172662032823937
