cmc_err_est_pre;qmc_err_est_pre
0.4037807384438159;0.8127535743401255
0.3120992294070231;0.531360474733609
0.24381234949327418;0.3076491221737903
