cmc_err_est_pre;qmc_err_est_pre
0.4311949562478119;0.8907392216437412
0.31335550284104874;0.5504224168746881
0.2315008998390581;0.2751175570667025
