cmc_err_est_pre;qmc_err_est_pre
0.41587680563709606;0.809884709754812
0.3141872178142709;0.3623182671903893
