cmc_err_est_pre;qmc_err_est_pre
0.45323892695297924;0.6924585465976496
0.3494982895669195;0.5551860374847647
0.23973080294837248;0.3684011446222366
nan;0.18846938098384372
0.11763342429941794;0.15642205706151247
nan;nan
