cmc_err_est_pre;qmc_err_est_pre
0.421137099690335;1.104977698968284
0.33711694657403846;0.6136959583832049
0.24595016713190332;0.36991181945290685
nan;0.21166078029151866
0.11572778631891571;0.12766312989244935
0.08216235003976435;0.07697127822626929
