cmc_err_est_pre;qmc_err_est_pre
0.4448574248310128;0.9985398647112091
0.3085585379886557;0.5835176412646468
0.23581099437374128;0.42611225306016054
0.16410011924551318;0.23127600049944136
0.11644745956105848;0.11357074282568637
0.08070839463560028;0.1044297297955741
