cmc_err_est_pre;qmc_err_est_pre
0.48957307859555754;1.0067350860368016
0.34124130893486754;0.48441804742182165
0.23635113914396438;0.349389925751304
