cmc_err_est_pre;qmc_err_est_pre
0.07869246741465286;0.07946449052234522
0.05557165635851655;0.04724664478707034
0.039111212421512685;0.0271867239052015
