cmc_err_est_pre;qmc_err_est_pre
0.07690746432919218;0.06940714769559589
0.054164707199717735;0.051608523274387065
0.03807412853290217;0.022676621662250963
