cmc_err_est;qmc_err_est
0.4204493000830462;1.0807395631954
0.3074062289756441;0.6058452936201478
0.24218034228698915;0.3747545564800808
0.16307259473529687;0.22791447615997193
0.11724170307535309;0.08266500755509826
