cmc_err_est;qmc_err_est
0.03449906588409315;0.024368582563409985
0.02692086320725943;0.019058746935819253
0.017318288654747865;0.013157248477757242
0.012435454377683692;0.009042964563440292
0.008858196893366761;0.0064072414068194255
0.006229306025817392;0.004599474136398762
0.004396597058798038;0.00323860843593551
