cmc_err_est;qmc_err_est
0.47142695779419935;1.3482711643712488
0.3383006732287475;0.46458654095930574
0.2267250167670615;0.2727999824263012
0.16350593921967607;0.18273256223187404
0.11669468086555186;0.1223228066752724
