cmc_err_est;qmc_err_est
0.03744197170445471;0.024811476964703077
0.02378962173180427;0.018298438717123056
0.01838607469917459;0.01290527135031275
0.012572649599202864;0.009100630664542107
0.008793194117596076;0.006428485247197529
0.006220627427576277;0.0046333329634038875
0.004412930436253177;0.0032335162401153886
