cmc_err_est;qmc_err_est
0.03393466865994932;0.02780689740953753
0.024197033405536764;0.018766048178889258
0.01796860902150453;0.012782798622048685
0.012048376947131319;0.008990662689031908
0.008984304510752265;0.006513869525535111
0.00634191326625494;0.004610807998616689
0.0045610155907106;0.003227714993691968
