cmc_err_est;qmc_err_est
0.4715312967680237;0.8892391702218607
0.30845776380113116;0.5542112557970024
0.2398370487303734;0.46936919046400866
0.1640346126195857;0.22848690145343575
0.11337142561949778;0.11307345084111467
