cmc_err_est;qmc_err_est
0.5112071828496706;0.8179473907430508
0.33791022569138435;0.5884419508006934
0.22980892157583935;0.41603898474095075
0.1664932256900371;0.24377102255218788
0.11434067530131194;0.1548993290929278
