cmc_err_est;qmc_err_est
0.029996528424624355;0.026410871620794054
0.025323632700274813;0.01857602668468369
0.017716393786733522;0.012817796016605076
0.01229400170771083;0.009061134358211107
0.008874242009783007;0.006711240680227562
0.006358316529955842;0.004598611565400121
0.004517045353660162;0.0032285998019853605
