cmc_err_est;qmc_err_est
0.44377142163724675;0.7962497474810579
0.3535608022717508;0.50588140778424
0.23824351238422822;0.3704450257081762
0.16885014272173907;0.2158748273394219
0.11775108043179153;0.11155021030515239
