cmc_err_est;qmc_err_est
0.03699999298920436;0.02736542385977697
0.025837415147115142;0.018552261079962832
0.017520385857430813;0.012799182888213679
0.012727513190554676;0.009400238027896106
0.008992017470524588;0.0065046918110901655
0.006417404790840022;0.004569877141951743
0.004425071847790002;0.00323634891840314
